Domain Code,Domain,Area Code (M49),Area,Element Code,Element,Item Code,Item,Year Code,Year,Unit,Value,Flag,Flag Description,Note
"RFN","Fertilizers by Nutrient","756","Switzerland","5510","Production","3102","Nutrient nitrogen N (total)","1961","1961","t","20000","A","Official figure","Official data from questionnaire"
"RFN","Fertilizers by Nutrient","756","Switzerland","5910","Export quantity","3102","Nutrient nitrogen N (total)","1961","1961","t","4000","A","Official figure","Official data from questionnaire"
"RFN","Fertilizers by Nutrient","756","Switzerland","5157","Agricultural Use","3102","Nutrient nitrogen N (total)","1961","1961","t","16000","A","Official figure","Official data from questionnaire"
"RFN","Fertilizers by Nutrient","756","Switzerland","5159","Use per area of cropland","3102","Nutrient nitrogen N (total)","1961","1961","kg/ha","27.43","E","Estimated value",""
"RFN","Fertilizers by Nutrient","756","Switzerland","5172","Use per capita","3102","Nutrient nitrogen N (total)","1961","1961","kg/cap","2.94","E","Estimated value",""
"RFN","Fertilizers by Nutrient","756","Switzerland","5173","Use per value of agricultural production","3102","Nutrient nitrogen N (total)","1961","1961","g/Int$","5.1","E","Estimated value",""
"RFN","Fertilizers by Nutrient","756","Switzerland","5510","Production","3102","Nutrient nitrogen N (total)","1962","1962","t","29455","A","Official figure","Official data from questionnaire"
"RFN","Fertilizers by Nutrient","756","Switzerland","5910","Export quantity","3102","Nutrient nitrogen N (total)","1962","1962","t","5325","A","Official figure","Official data from questionnaire"
"RFN","Fertilizers by Nutrient","756","Switzerland","5157","Agricultural Use","3102","Nutrient nitrogen N (total)","1962","1962","t","23720","A","Official figure","Official data from questionnaire"
"RFN","Fertilizers by Nutrient","756","Switzerland","5159","Use per area of cropland","3102","Nutrient nitrogen N (total)","1962","1962","kg/ha","40.48","E","Estimated value",""
"RFN","Fertilizers by Nutrient","756","Switzerland","5172","Use per capita","3102","Nutrient nitrogen N (total)","1962","1962","kg/cap","4.26","E","Estimated value",""
"RFN","Fertilizers by Nutrient","756","Switzerland","5173","Use per value of agricultural production","3102","Nutrient nitrogen N (total)","1962","1962","g/Int$","7.26","E","Estimated value",""
"RFN","Fertilizers by Nutrient","756","Switzerland","5510","Production","3102","Nutrient nitrogen N (total)","1963","1963","t","29145","A","Official figure","Official data from questionnaire"
"RFN","Fertilizers by Nutrient","756","Switzerland","5910","Export quantity","3102","Nutrient nitrogen N (total)","1963","1963","t","5325","A","Official figure","Official data from questionnaire"
"RFN","Fertilizers by Nutrient","756","Switzerland","5157","Agricultural Use","3102","Nutrient nitrogen N (total)","1963","1963","t","22945","A","Official figure","Official data from questionnaire"
"RFN","Fertilizers by Nutrient","756","Switzerland","5159","Use per area of cropland","3102","Nutrient nitrogen N (total)","1963","1963","kg/ha","40.07","E","Estimated value",""
"RFN","Fertilizers by Nutrient","756","Switzerland","5172","Use per capita","3102","Nutrient nitrogen N (total)","1963","1963","kg/cap","4.03","E","Estimated value",""
"RFN","Fertilizers by Nutrient","756","Switzerland","5173","Use per value of agricultural production","3102","Nutrient nitrogen N (total)","1963","1963","g/Int$","7.18","E","Estimated value",""
"RFN","Fertilizers by Nutrient","756","Switzerland","5510","Production","3102","Nutrient nitrogen N (total)","1964","1964","t","27400","A","Official figure","Official data from questionnaire"
"RFN","Fertilizers by Nutrient","756","Switzerland","5910","Export quantity","3102","Nutrient nitrogen N (total)","1964","1964","t","5100","A","Official figure","Official data from questionnaire"
"RFN","Fertilizers by Nutrient","756","Switzerland","5157","Agricultural Use","3102","Nutrient nitrogen N (total)","1964","1964","t","21500","A","Official figure","Official data from questionnaire"
"RFN","Fertilizers by Nutrient","756","Switzerland","5159","Use per area of cropland","3102","Nutrient nitrogen N (total)","1964","1964","kg/ha","37.93","E","Estimated value",""
"RFN","Fertilizers by Nutrient","756","Switzerland","5172","Use per capita","3102","Nutrient nitrogen N (total)","1964","1964","kg/cap","3.71","E","Estimated value",""
"RFN","Fertilizers by Nutrient","756","Switzerland","5173","Use per value of agricultural production","3102","Nutrient nitrogen N (total)","1964","1964","g/Int$","6.68","E","Estimated value",""
"RFN","Fertilizers by Nutrient","756","Switzerland","5510","Production","3102","Nutrient nitrogen N (total)","1965","1965","t","34300","A","Official figure","Official data from questionnaire"
"RFN","Fertilizers by Nutrient","756","Switzerland","5910","Export quantity","3102","Nutrient nitrogen N (total)","1965","1965","t","8600","A","Official figure","Official data from questionnaire"
"RFN","Fertilizers by Nutrient","756","Switzerland","5157","Agricultural Use","3102","Nutrient nitrogen N (total)","1965","1965","t","25300","A","Official figure","Official data from questionnaire"
"RFN","Fertilizers by Nutrient","756","Switzerland","5159","Use per area of cropland","3102","Nutrient nitrogen N (total)","1965","1965","kg/ha","45.09","E","Estimated value",""
"RFN","Fertilizers by Nutrient","756","Switzerland","5172","Use per capita","3102","Nutrient nitrogen N (total)","1965","1965","kg/cap","4.32","E","Estimated value",""
"RFN","Fertilizers by Nutrient","756","Switzerland","5173","Use per value of agricultural production","3102","Nutrient nitrogen N (total)","1965","1965","g/Int$","8.3","E","Estimated value",""
"RFN","Fertilizers by Nutrient","756","Switzerland","5510","Production","3102","Nutrient nitrogen N (total)","1966","1966","t","37800","A","Official figure","Official data from questionnaire"
"RFN","Fertilizers by Nutrient","756","Switzerland","5910","Export quantity","3102","Nutrient nitrogen N (total)","1966","1966","t","6300","A","Official figure","Official data from questionnaire"
"RFN","Fertilizers by Nutrient","756","Switzerland","5157","Agricultural Use","3102","Nutrient nitrogen N (total)","1966","1966","t","30800","A","Official figure","Official data from questionnaire"
"RFN","Fertilizers by Nutrient","756","Switzerland","5159","Use per area of cropland","3102","Nutrient nitrogen N (total)","1966","1966","kg/ha","55.78","E","Estimated value",""
"RFN","Fertilizers by Nutrient","756","Switzerland","5172","Use per capita","3102","Nutrient nitrogen N (total)","1966","1966","kg/cap","5.2","E","Estimated value",""
"RFN","Fertilizers by Nutrient","756","Switzerland","5173","Use per value of agricultural production","3102","Nutrient nitrogen N (total)","1966","1966","g/Int$","9.49","E","Estimated value",""
"RFN","Fertilizers by Nutrient","756","Switzerland","5510","Production","3102","Nutrient nitrogen N (total)","1967","1967","t","37500","A","Official figure","Official data from questionnaire"
"RFN","Fertilizers by Nutrient","756","Switzerland","5910","Export quantity","3102","Nutrient nitrogen N (total)","1967","1967","t","4600","A","Official figure","Official data from questionnaire"
"RFN","Fertilizers by Nutrient","756","Switzerland","5157","Agricultural Use","3102","Nutrient nitrogen N (total)","1967","1967","t","31700","A","Official figure","Official data from questionnaire"
"RFN","Fertilizers by Nutrient","756","Switzerland","5159","Use per area of cropland","3102","Nutrient nitrogen N (total)","1967","1967","kg/ha","58.5","E","Estimated value",""
"RFN","Fertilizers by Nutrient","756","Switzerland","5172","Use per capita","3102","Nutrient nitrogen N (total)","1967","1967","kg/cap","5.29","E","Estimated value",""
"RFN","Fertilizers by Nutrient","756","Switzerland","5173","Use per value of agricultural production","3102","Nutrient nitrogen N (total)","1967","1967","g/Int$","9.01","E","Estimated value",""
"RFN","Fertilizers by Nutrient","756","Switzerland","5510","Production","3102","Nutrient nitrogen N (total)","1968","1968","t","36400","A","Official figure","Official data from questionnaire"
"RFN","Fertilizers by Nutrient","756","Switzerland","5610","Import quantity","3102","Nutrient nitrogen N (total)","1968","1968","t","1100","A","Official figure","Official data from questionnaire"
"RFN","Fertilizers by Nutrient","756","Switzerland","5910","Export quantity","3102","Nutrient nitrogen N (total)","1968","1968","t","4000","A","Official figure","Official data from questionnaire"
"RFN","Fertilizers by Nutrient","756","Switzerland","5157","Agricultural Use","3102","Nutrient nitrogen N (total)","1968","1968","t","33100","A","Official figure","Official data from questionnaire"
"RFN","Fertilizers by Nutrient","756","Switzerland","5159","Use per area of cropland","3102","Nutrient nitrogen N (total)","1968","1968","kg/ha","61.61","E","Estimated value",""
"RFN","Fertilizers by Nutrient","756","Switzerland","5172","Use per capita","3102","Nutrient nitrogen N (total)","1968","1968","kg/cap","5.45","E","Estimated value",""
"RFN","Fertilizers by Nutrient","756","Switzerland","5173","Use per value of agricultural production","3102","Nutrient nitrogen N (total)","1968","1968","g/Int$","9.5","E","Estimated value",""
"RFN","Fertilizers by Nutrient","756","Switzerland","5510","Production","3102","Nutrient nitrogen N (total)","1969","1969","t","29000","A","Official figure","Official data from questionnaire"
"RFN","Fertilizers by Nutrient","756","Switzerland","5610","Import quantity","3102","Nutrient nitrogen N (total)","1969","1969","t","6800","A","Official figure","Official data from questionnaire"
"RFN","Fertilizers by Nutrient","756","Switzerland","5157","Agricultural Use","3102","Nutrient nitrogen N (total)","1969","1969","t","34700","A","Official figure","Official data from questionnaire"
"RFN","Fertilizers by Nutrient","756","Switzerland","5159","Use per area of cropland","3102","Nutrient nitrogen N (total)","1969","1969","kg/ha","64.43","E","Estimated value",""
"RFN","Fertilizers by Nutrient","756","Switzerland","5172","Use per capita","3102","Nutrient nitrogen N (total)","1969","1969","kg/cap","5.65","E","Estimated value",""
"RFN","Fertilizers by Nutrient","756","Switzerland","5173","Use per value of agricultural production","3102","Nutrient nitrogen N (total)","1969","1969","g/Int$","9.99","E","Estimated value",""
"RFN","Fertilizers by Nutrient","756","Switzerland","5510","Production","3102","Nutrient nitrogen N (total)","1970","1970","t","25400","A","Official figure","Official data from questionnaire"
"RFN","Fertilizers by Nutrient","756","Switzerland","5610","Import quantity","3102","Nutrient nitrogen N (total)","1970","1970","t","11300","A","Official figure","Official data from questionnaire"
"RFN","Fertilizers by Nutrient","756","Switzerland","5157","Agricultural Use","3102","Nutrient nitrogen N (total)","1970","1970","t","36700","A","Official figure","Official data from questionnaire"
"RFN","Fertilizers by Nutrient","756","Switzerland","5159","Use per area of cropland","3102","Nutrient nitrogen N (total)","1970","1970","kg/ha","68.93","E","Estimated value",""
"RFN","Fertilizers by Nutrient","756","Switzerland","5172","Use per capita","3102","Nutrient nitrogen N (total)","1970","1970","kg/cap","5.94","E","Estimated value",""
"RFN","Fertilizers by Nutrient","756","Switzerland","5173","Use per value of agricultural production","3102","Nutrient nitrogen N (total)","1970","1970","g/Int$","10.61","E","Estimated value",""
"RFN","Fertilizers by Nutrient","756","Switzerland","5510","Production","3102","Nutrient nitrogen N (total)","1971","1971","t","24900","A","Official figure","Official data from questionnaire"
"RFN","Fertilizers by Nutrient","756","Switzerland","5610","Import quantity","3102","Nutrient nitrogen N (total)","1971","1971","t","12700","A","Official figure","Official data from questionnaire"
"RFN","Fertilizers by Nutrient","756","Switzerland","5157","Agricultural Use","3102","Nutrient nitrogen N (total)","1971","1971","t","37200","A","Official figure","Official data from questionnaire"
"RFN","Fertilizers by Nutrient","756","Switzerland","5159","Use per area of cropland","3102","Nutrient nitrogen N (total)","1971","1971","kg/ha","69.72","E","Estimated value",""
"RFN","Fertilizers by Nutrient","756","Switzerland","5172","Use per capita","3102","Nutrient nitrogen N (total)","1971","1971","kg/cap","5.99","E","Estimated value",""
"RFN","Fertilizers by Nutrient","756","Switzerland","5173","Use per value of agricultural production","3102","Nutrient nitrogen N (total)","1971","1971","g/Int$","10.6","E","Estimated value",""
"RFN","Fertilizers by Nutrient","756","Switzerland","5510","Production","3102","Nutrient nitrogen N (total)","1972","1972","t","26500","A","Official figure","Official data from questionnaire"
"RFN","Fertilizers by Nutrient","756","Switzerland","5610","Import quantity","3102","Nutrient nitrogen N (total)","1972","1972","t","13400","A","Official figure","Official data from questionnaire"
"RFN","Fertilizers by Nutrient","756","Switzerland","5157","Agricultural Use","3102","Nutrient nitrogen N (total)","1972","1972","t","39300","A","Official figure","Official data from questionnaire"
"RFN","Fertilizers by Nutrient","756","Switzerland","5159","Use per area of cropland","3102","Nutrient nitrogen N (total)","1972","1972","kg/ha","72.39","E","Estimated value",""
"RFN","Fertilizers by Nutrient","756","Switzerland","5172","Use per capita","3102","Nutrient nitrogen N (total)","1972","1972","kg/cap","6.28","E","Estimated value",""
"RFN","Fertilizers by Nutrient","756","Switzerland","5173","Use per value of agricultural production","3102","Nutrient nitrogen N (total)","1972","1972","g/Int$","11.7","E","Estimated value",""
"RFN","Fertilizers by Nutrient","756","Switzerland","5510","Production","3102","Nutrient nitrogen N (total)","1973","1973","t","26400","A","Official figure","Official data from questionnaire"
"RFN","Fertilizers by Nutrient","756","Switzerland","5610","Import quantity","3102","Nutrient nitrogen N (total)","1973","1973","t","15600","A","Official figure","Official data from questionnaire"
"RFN","Fertilizers by Nutrient","756","Switzerland","5157","Agricultural Use","3102","Nutrient nitrogen N (total)","1973","1973","t","41500","A","Official figure","Official data from questionnaire"
"RFN","Fertilizers by Nutrient","756","Switzerland","5159","Use per area of cropland","3102","Nutrient nitrogen N (total)","1973","1973","kg/ha","76.43","E","Estimated value",""
"RFN","Fertilizers by Nutrient","756","Switzerland","5172","Use per capita","3102","Nutrient nitrogen N (total)","1973","1973","kg/cap","6.58","E","Estimated value",""
"RFN","Fertilizers by Nutrient","756","Switzerland","5173","Use per value of agricultural production","3102","Nutrient nitrogen N (total)","1973","1973","g/Int$","11.56","E","Estimated value",""
"RFN","Fertilizers by Nutrient","756","Switzerland","5510","Production","3102","Nutrient nitrogen N (total)","1974","1974","t","29400","A","Official figure","Official data from questionnaire"
"RFN","Fertilizers by Nutrient","756","Switzerland","5610","Import quantity","3102","Nutrient nitrogen N (total)","1974","1974","t","9100","A","Official figure","Official data from questionnaire"
"RFN","Fertilizers by Nutrient","756","Switzerland","5157","Agricultural Use","3102","Nutrient nitrogen N (total)","1974","1974","t","37900","A","Official figure","Official data from questionnaire"
"RFN","Fertilizers by Nutrient","756","Switzerland","5159","Use per area of cropland","3102","Nutrient nitrogen N (total)","1974","1974","kg/ha","69.27","E","Estimated value",""
"RFN","Fertilizers by Nutrient","756","Switzerland","5172","Use per capita","3102","Nutrient nitrogen N (total)","1974","1974","kg/cap","5.98","E","Estimated value",""
"RFN","Fertilizers by Nutrient","756","Switzerland","5173","Use per value of agricultural production","3102","Nutrient nitrogen N (total)","1974","1974","g/Int$","10.68","E","Estimated value",""
"RFN","Fertilizers by Nutrient","756","Switzerland","5510","Production","3102","Nutrient nitrogen N (total)","1975","1975","t","29400","A","Official figure","Official data from questionnaire"
"RFN","Fertilizers by Nutrient","756","Switzerland","5610","Import quantity","3102","Nutrient nitrogen N (total)","1975","1975","t","15900","A","Official figure","Official data from questionnaire"
"RFN","Fertilizers by Nutrient","756","Switzerland","5157","Agricultural Use","3102","Nutrient nitrogen N (total)","1975","1975","t","44300","A","Official figure","Official data from questionnaire"
"RFN","Fertilizers by Nutrient","756","Switzerland","5159","Use per area of cropland","3102","Nutrient nitrogen N (total)","1975","1975","kg/ha","79.86","E","Estimated value",""
"RFN","Fertilizers by Nutrient","756","Switzerland","5172","Use per capita","3102","Nutrient nitrogen N (total)","1975","1975","kg/cap","6.99","E","Estimated value",""
"RFN","Fertilizers by Nutrient","756","Switzerland","5173","Use per value of agricultural production","3102","Nutrient nitrogen N (total)","1975","1975","g/Int$","12.06","E","Estimated value",""
"RFN","Fertilizers by Nutrient","756","Switzerland","5510","Production","3102","Nutrient nitrogen N (total)","1976","1976","t","31500","A","Official figure","Official data from questionnaire"
"RFN","Fertilizers by Nutrient","756","Switzerland","5610","Import quantity","3102","Nutrient nitrogen N (total)","1976","1976","t","22100","A","Official figure","Official data from questionnaire"
"RFN","Fertilizers by Nutrient","756","Switzerland","5157","Agricultural Use","3102","Nutrient nitrogen N (total)","1976","1976","t","50600","A","Official figure","Official data from questionnaire"
"RFN","Fertilizers by Nutrient","756","Switzerland","5159","Use per area of cropland","3102","Nutrient nitrogen N (total)","1976","1976","kg/ha","91.05","E","Estimated value",""
"RFN","Fertilizers by Nutrient","756","Switzerland","5172","Use per capita","3102","Nutrient nitrogen N (total)","1976","1976","kg/cap","8.03","E","Estimated value",""
"RFN","Fertilizers by Nutrient","756","Switzerland","5173","Use per value of agricultural production","3102","Nutrient nitrogen N (total)","1976","1976","g/Int$","13.66","E","Estimated value",""
"RFN","Fertilizers by Nutrient","756","Switzerland","5510","Production","3102","Nutrient nitrogen N (total)","1977","1977","t","31300","A","Official figure","Official data from questionnaire"
"RFN","Fertilizers by Nutrient","756","Switzerland","5610","Import quantity","3102","Nutrient nitrogen N (total)","1977","1977","t","24600","A","Official figure","Official data from questionnaire"
"RFN","Fertilizers by Nutrient","756","Switzerland","5157","Agricultural Use","3102","Nutrient nitrogen N (total)","1977","1977","t","55000","A","Official figure","Official data from questionnaire"
"RFN","Fertilizers by Nutrient","756","Switzerland","5159","Use per area of cropland","3102","Nutrient nitrogen N (total)","1977","1977","kg/ha","98.82","E","Estimated value",""
"RFN","Fertilizers by Nutrient","756","Switzerland","5172","Use per capita","3102","Nutrient nitrogen N (total)","1977","1977","kg/cap","8.76","E","Estimated value",""
"RFN","Fertilizers by Nutrient","756","Switzerland","5173","Use per value of agricultural production","3102","Nutrient nitrogen N (total)","1977","1977","g/Int$","15.08","E","Estimated value",""
"RFN","Fertilizers by Nutrient","756","Switzerland","5510","Production","3102","Nutrient nitrogen N (total)","1978","1978","t","32000","A","Official figure","Official data from questionnaire"
"RFN","Fertilizers by Nutrient","756","Switzerland","5610","Import quantity","3102","Nutrient nitrogen N (total)","1978","1978","t","30000","A","Official figure","Official data from questionnaire"
"RFN","Fertilizers by Nutrient","756","Switzerland","5157","Agricultural Use","3102","Nutrient nitrogen N (total)","1978","1978","t","63500","A","Official figure","Official data from questionnaire"
"RFN","Fertilizers by Nutrient","756","Switzerland","5159","Use per area of cropland","3102","Nutrient nitrogen N (total)","1978","1978","kg/ha","112.53","E","Estimated value",""
"RFN","Fertilizers by Nutrient","756","Switzerland","5172","Use per capita","3102","Nutrient nitrogen N (total)","1978","1978","kg/cap","10.11","E","Estimated value",""
"RFN","Fertilizers by Nutrient","756","Switzerland","5173","Use per value of agricultural production","3102","Nutrient nitrogen N (total)","1978","1978","g/Int$","16.83","E","Estimated value",""
"RFN","Fertilizers by Nutrient","756","Switzerland","5510","Production","3102","Nutrient nitrogen N (total)","1979","1979","t","35100","A","Official figure","Official data from questionnaire"
"RFN","Fertilizers by Nutrient","756","Switzerland","5610","Import quantity","3102","Nutrient nitrogen N (total)","1979","1979","t","33500","A","Official figure","Official data from questionnaire"
"RFN","Fertilizers by Nutrient","756","Switzerland","5157","Agricultural Use","3102","Nutrient nitrogen N (total)","1979","1979","t","64500","A","Official figure","Official data from questionnaire"
"RFN","Fertilizers by Nutrient","756","Switzerland","5159","Use per area of cropland","3102","Nutrient nitrogen N (total)","1979","1979","kg/ha","113.8","E","Estimated value",""
"RFN","Fertilizers by Nutrient","756","Switzerland","5172","Use per capita","3102","Nutrient nitrogen N (total)","1979","1979","kg/cap","10.25","E","Estimated value",""
"RFN","Fertilizers by Nutrient","756","Switzerland","5173","Use per value of agricultural production","3102","Nutrient nitrogen N (total)","1979","1979","g/Int$","15.97","E","Estimated value",""
"RFN","Fertilizers by Nutrient","756","Switzerland","5510","Production","3102","Nutrient nitrogen N (total)","1980","1980","t","32800","A","Official figure","Official data from questionnaire"
"RFN","Fertilizers by Nutrient","756","Switzerland","5610","Import quantity","3102","Nutrient nitrogen N (total)","1980","1980","t","33000","A","Official figure","Official data from questionnaire"
"RFN","Fertilizers by Nutrient","756","Switzerland","5157","Agricultural Use","3102","Nutrient nitrogen N (total)","1980","1980","t","65600","A","Official figure","Official data from questionnaire"
"RFN","Fertilizers by Nutrient","756","Switzerland","5159","Use per area of cropland","3102","Nutrient nitrogen N (total)","1980","1980","kg/ha","114.06","E","Estimated value",""
"RFN","Fertilizers by Nutrient","756","Switzerland","5172","Use per capita","3102","Nutrient nitrogen N (total)","1980","1980","kg/cap","10.38","E","Estimated value",""
"RFN","Fertilizers by Nutrient","756","Switzerland","5173","Use per value of agricultural production","3102","Nutrient nitrogen N (total)","1980","1980","g/Int$","16.69","E","Estimated value",""
"RFN","Fertilizers by Nutrient","756","Switzerland","5510","Production","3102","Nutrient nitrogen N (total)","1981","1981","t","32500","X","Figure from international organizations","Data sourced from another international organization"
"RFN","Fertilizers by Nutrient","756","Switzerland","5610","Import quantity","3102","Nutrient nitrogen N (total)","1981","1981","t","29700","X","Figure from international organizations","Data sourced from another international organization"
"RFN","Fertilizers by Nutrient","756","Switzerland","5157","Agricultural Use","3102","Nutrient nitrogen N (total)","1981","1981","t","62900","X","Figure from international organizations","Data sourced from another international organization"
"RFN","Fertilizers by Nutrient","756","Switzerland","5159","Use per area of cropland","3102","Nutrient nitrogen N (total)","1981","1981","kg/ha","108.31","E","Estimated value",""
"RFN","Fertilizers by Nutrient","756","Switzerland","5172","Use per capita","3102","Nutrient nitrogen N (total)","1981","1981","kg/cap","9.9","E","Estimated value",""
"RFN","Fertilizers by Nutrient","756","Switzerland","5173","Use per value of agricultural production","3102","Nutrient nitrogen N (total)","1981","1981","g/Int$","16.24","E","Estimated value",""
"RFN","Fertilizers by Nutrient","756","Switzerland","5510","Production","3102","Nutrient nitrogen N (total)","1982","1982","t","30700","X","Figure from international organizations","Data sourced from another international organization"
"RFN","Fertilizers by Nutrient","756","Switzerland","5610","Import quantity","3102","Nutrient nitrogen N (total)","1982","1982","t","29500","X","Figure from international organizations","Data sourced from another international organization"
"RFN","Fertilizers by Nutrient","756","Switzerland","5157","Agricultural Use","3102","Nutrient nitrogen N (total)","1982","1982","t","60200","X","Figure from international organizations","Data sourced from another international organization"
"RFN","Fertilizers by Nutrient","756","Switzerland","5159","Use per area of cropland","3102","Nutrient nitrogen N (total)","1982","1982","kg/ha","102.54","E","Estimated value",""
"RFN","Fertilizers by Nutrient","756","Switzerland","5172","Use per capita","3102","Nutrient nitrogen N (total)","1982","1982","kg/cap","9.42","E","Estimated value",""
"RFN","Fertilizers by Nutrient","756","Switzerland","5173","Use per value of agricultural production","3102","Nutrient nitrogen N (total)","1982","1982","g/Int$","14.1","E","Estimated value",""
"RFN","Fertilizers by Nutrient","756","Switzerland","5510","Production","3102","Nutrient nitrogen N (total)","1983","1983","t","33500","A","Official figure","Official data from questionnaire"
"RFN","Fertilizers by Nutrient","756","Switzerland","5610","Import quantity","3102","Nutrient nitrogen N (total)","1983","1983","t","36500","A","Official figure","Official data from questionnaire"
"RFN","Fertilizers by Nutrient","756","Switzerland","5157","Agricultural Use","3102","Nutrient nitrogen N (total)","1983","1983","t","67400","A","Official figure","Official data from questionnaire"
"RFN","Fertilizers by Nutrient","756","Switzerland","5159","Use per area of cropland","3102","Nutrient nitrogen N (total)","1983","1983","kg/ha","113.29","E","Estimated value",""
"RFN","Fertilizers by Nutrient","756","Switzerland","5172","Use per capita","3102","Nutrient nitrogen N (total)","1983","1983","kg/cap","10.5","E","Estimated value",""
"RFN","Fertilizers by Nutrient","756","Switzerland","5173","Use per value of agricultural production","3102","Nutrient nitrogen N (total)","1983","1983","g/Int$","16.99","E","Estimated value",""
"RFN","Fertilizers by Nutrient","756","Switzerland","5510","Production","3102","Nutrient nitrogen N (total)","1984","1984","t","34100","A","Official figure","Official data from questionnaire"
"RFN","Fertilizers by Nutrient","756","Switzerland","5610","Import quantity","3102","Nutrient nitrogen N (total)","1984","1984","t","36100","A","Official figure","Official data from questionnaire"
"RFN","Fertilizers by Nutrient","756","Switzerland","5157","Agricultural Use","3102","Nutrient nitrogen N (total)","1984","1984","t","70700","A","Official figure","Official data from questionnaire"
"RFN","Fertilizers by Nutrient","756","Switzerland","5159","Use per area of cropland","3102","Nutrient nitrogen N (total)","1984","1984","kg/ha","116.65","E","Estimated value",""
"RFN","Fertilizers by Nutrient","756","Switzerland","5172","Use per capita","3102","Nutrient nitrogen N (total)","1984","1984","kg/cap","10.98","E","Estimated value",""
"RFN","Fertilizers by Nutrient","756","Switzerland","5173","Use per value of agricultural production","3102","Nutrient nitrogen N (total)","1984","1984","g/Int$","16.84","E","Estimated value",""
"RFN","Fertilizers by Nutrient","756","Switzerland","5510","Production","3102","Nutrient nitrogen N (total)","1985","1985","t","39600","A","Official figure","Official data from questionnaire"
"RFN","Fertilizers by Nutrient","756","Switzerland","5610","Import quantity","3102","Nutrient nitrogen N (total)","1985","1985","t","36700","A","Official figure","Official data from questionnaire"
"RFN","Fertilizers by Nutrient","756","Switzerland","5157","Agricultural Use","3102","Nutrient nitrogen N (total)","1985","1985","t","71900","A","Official figure","Official data from questionnaire"
"RFN","Fertilizers by Nutrient","756","Switzerland","5159","Use per area of cropland","3102","Nutrient nitrogen N (total)","1985","1985","kg/ha","117.8","E","Estimated value",""
"RFN","Fertilizers by Nutrient","756","Switzerland","5172","Use per capita","3102","Nutrient nitrogen N (total)","1985","1985","kg/cap","11.11","E","Estimated value",""
"RFN","Fertilizers by Nutrient","756","Switzerland","5173","Use per value of agricultural production","3102","Nutrient nitrogen N (total)","1985","1985","g/Int$","17.45","E","Estimated value",""
"RFN","Fertilizers by Nutrient","756","Switzerland","5510","Production","3102","Nutrient nitrogen N (total)","1986","1986","t","35400","A","Official figure","Official data from questionnaire"
"RFN","Fertilizers by Nutrient","756","Switzerland","5610","Import quantity","3102","Nutrient nitrogen N (total)","1986","1986","t","37000","A","Official figure","Official data from questionnaire"
"RFN","Fertilizers by Nutrient","756","Switzerland","5157","Agricultural Use","3102","Nutrient nitrogen N (total)","1986","1986","t","71100","A","Official figure","Official data from questionnaire"
"RFN","Fertilizers by Nutrient","756","Switzerland","5159","Use per area of cropland","3102","Nutrient nitrogen N (total)","1986","1986","kg/ha","116.56","E","Estimated value",""
"RFN","Fertilizers by Nutrient","756","Switzerland","5172","Use per capita","3102","Nutrient nitrogen N (total)","1986","1986","kg/cap","10.93","E","Estimated value",""
"RFN","Fertilizers by Nutrient","756","Switzerland","5173","Use per value of agricultural production","3102","Nutrient nitrogen N (total)","1986","1986","g/Int$","17.12","E","Estimated value",""
"RFN","Fertilizers by Nutrient","756","Switzerland","5510","Production","3102","Nutrient nitrogen N (total)","1987","1987","t","32000","A","Official figure","Official data from questionnaire"
"RFN","Fertilizers by Nutrient","756","Switzerland","5610","Import quantity","3102","Nutrient nitrogen N (total)","1987","1987","t","39100","A","Official figure","Official data from questionnaire"
"RFN","Fertilizers by Nutrient","756","Switzerland","5157","Agricultural Use","3102","Nutrient nitrogen N (total)","1987","1987","t","72600","A","Official figure","Official data from questionnaire"
"RFN","Fertilizers by Nutrient","756","Switzerland","5159","Use per area of cropland","3102","Nutrient nitrogen N (total)","1987","1987","kg/ha","120.51","E","Estimated value",""
"RFN","Fertilizers by Nutrient","756","Switzerland","5172","Use per capita","3102","Nutrient nitrogen N (total)","1987","1987","kg/cap","11.09","E","Estimated value",""
"RFN","Fertilizers by Nutrient","756","Switzerland","5173","Use per value of agricultural production","3102","Nutrient nitrogen N (total)","1987","1987","g/Int$","18.48","E","Estimated value",""
"RFN","Fertilizers by Nutrient","756","Switzerland","5510","Production","3102","Nutrient nitrogen N (total)","1988","1988","t","33200","A","Official figure","Official data from questionnaire"
"RFN","Fertilizers by Nutrient","756","Switzerland","5610","Import quantity","3102","Nutrient nitrogen N (total)","1988","1988","t","38200","A","Official figure","Official data from questionnaire"
"RFN","Fertilizers by Nutrient","756","Switzerland","5157","Agricultural Use","3102","Nutrient nitrogen N (total)","1988","1988","t","71600","A","Official figure","Official data from questionnaire"
"RFN","Fertilizers by Nutrient","756","Switzerland","5159","Use per area of cropland","3102","Nutrient nitrogen N (total)","1988","1988","kg/ha","117.86","E","Estimated value",""
"RFN","Fertilizers by Nutrient","756","Switzerland","5172","Use per capita","3102","Nutrient nitrogen N (total)","1988","1988","kg/cap","10.86","E","Estimated value",""
"RFN","Fertilizers by Nutrient","756","Switzerland","5173","Use per value of agricultural production","3102","Nutrient nitrogen N (total)","1988","1988","g/Int$","17.27","E","Estimated value",""
"RFN","Fertilizers by Nutrient","756","Switzerland","5510","Production","3102","Nutrient nitrogen N (total)","1989","1989","t","30200","A","Official figure","Official data from questionnaire"
"RFN","Fertilizers by Nutrient","756","Switzerland","5610","Import quantity","3102","Nutrient nitrogen N (total)","1989","1989","t","39300","A","Official figure","Official data from questionnaire"
"RFN","Fertilizers by Nutrient","756","Switzerland","5157","Agricultural Use","3102","Nutrient nitrogen N (total)","1989","1989","t","70300","A","Official figure","Official data from questionnaire"
"RFN","Fertilizers by Nutrient","756","Switzerland","5159","Use per area of cropland","3102","Nutrient nitrogen N (total)","1989","1989","kg/ha","113.89","E","Estimated value",""
"RFN","Fertilizers by Nutrient","756","Switzerland","5172","Use per capita","3102","Nutrient nitrogen N (total)","1989","1989","kg/cap","10.58","E","Estimated value",""
"RFN","Fertilizers by Nutrient","756","Switzerland","5173","Use per value of agricultural production","3102","Nutrient nitrogen N (total)","1989","1989","g/Int$","16.87","E","Estimated value",""
"RFN","Fertilizers by Nutrient","756","Switzerland","5510","Production","3102","Nutrient nitrogen N (total)","1990","1990","t","26700","A","Official figure","Official data from questionnaire"
"RFN","Fertilizers by Nutrient","756","Switzerland","5610","Import quantity","3102","Nutrient nitrogen N (total)","1990","1990","t","36700","A","Official figure","Official data from questionnaire"
"RFN","Fertilizers by Nutrient","756","Switzerland","5910","Export quantity","3102","Nutrient nitrogen N (total)","1990","1990","t","1151.13","I","Imputed value",""
"RFN","Fertilizers by Nutrient","756","Switzerland","5157","Agricultural Use","3102","Nutrient nitrogen N (total)","1990","1990","t","63400","A","Official figure","Official data from questionnaire"
"RFN","Fertilizers by Nutrient","756","Switzerland","5159","Use per area of cropland","3102","Nutrient nitrogen N (total)","1990","1990","kg/ha","104.09","E","Estimated value",""
"RFN","Fertilizers by Nutrient","756","Switzerland","5172","Use per capita","3102","Nutrient nitrogen N (total)","1990","1990","kg/cap","9.45","E","Estimated value",""
"RFN","Fertilizers by Nutrient","756","Switzerland","5173","Use per value of agricultural production","3102","Nutrient nitrogen N (total)","1990","1990","g/Int$","15.49","E","Estimated value",""
"RFN","Fertilizers by Nutrient","756","Switzerland","5510","Production","3102","Nutrient nitrogen N (total)","1991","1991","t","23000","X","Figure from international organizations","Data sourced from another international organization"
"RFN","Fertilizers by Nutrient","756","Switzerland","5610","Import quantity","3102","Nutrient nitrogen N (total)","1991","1991","t","41000","X","Figure from international organizations","Data sourced from another international organization"
"RFN","Fertilizers by Nutrient","756","Switzerland","5910","Export quantity","3102","Nutrient nitrogen N (total)","1991","1991","t","1000","X","Figure from international organizations","Data sourced from another international organization"
"RFN","Fertilizers by Nutrient","756","Switzerland","5157","Agricultural Use","3102","Nutrient nitrogen N (total)","1991","1991","t","63000","X","Figure from international organizations","Data sourced from another international organization"
"RFN","Fertilizers by Nutrient","756","Switzerland","5159","Use per area of cropland","3102","Nutrient nitrogen N (total)","1991","1991","kg/ha","102.41","E","Estimated value",""
"RFN","Fertilizers by Nutrient","756","Switzerland","5172","Use per capita","3102","Nutrient nitrogen N (total)","1991","1991","kg/cap","9.27","E","Estimated value",""
"RFN","Fertilizers by Nutrient","756","Switzerland","5173","Use per value of agricultural production","3102","Nutrient nitrogen N (total)","1991","1991","g/Int$","15.65","E","Estimated value",""
"RFN","Fertilizers by Nutrient","756","Switzerland","5510","Production","3102","Nutrient nitrogen N (total)","1992","1992","t","21000","X","Figure from international organizations","Data sourced from another international organization"
"RFN","Fertilizers by Nutrient","756","Switzerland","5610","Import quantity","3102","Nutrient nitrogen N (total)","1992","1992","t","42850","X","Figure from international organizations","Data sourced from another international organization"
"RFN","Fertilizers by Nutrient","756","Switzerland","5910","Export quantity","3102","Nutrient nitrogen N (total)","1992","1992","t","1904.38","I","Imputed value",""
"RFN","Fertilizers by Nutrient","756","Switzerland","5157","Agricultural Use","3102","Nutrient nitrogen N (total)","1992","1992","t","64000","X","Figure from international organizations","Data sourced from another international organization"
"RFN","Fertilizers by Nutrient","756","Switzerland","5159","Use per area of cropland","3102","Nutrient nitrogen N (total)","1992","1992","kg/ha","104.34","E","Estimated value",""
"RFN","Fertilizers by Nutrient","756","Switzerland","5172","Use per capita","3102","Nutrient nitrogen N (total)","1992","1992","kg/cap","9.31","E","Estimated value",""
"RFN","Fertilizers by Nutrient","756","Switzerland","5173","Use per value of agricultural production","3102","Nutrient nitrogen N (total)","1992","1992","g/Int$","15.44","E","Estimated value",""
"RFN","Fertilizers by Nutrient","756","Switzerland","5510","Production","3102","Nutrient nitrogen N (total)","1993","1993","t","21165","A","Official figure","Official data from questionnaire"
"RFN","Fertilizers by Nutrient","756","Switzerland","5610","Import quantity","3102","Nutrient nitrogen N (total)","1993","1993","t","42871","X","Figure from international organizations","Data sourced from another international organization"
"RFN","Fertilizers by Nutrient","756","Switzerland","5910","Export quantity","3102","Nutrient nitrogen N (total)","1993","1993","t","1254.36","I","Imputed value",""
"RFN","Fertilizers by Nutrient","756","Switzerland","5157","Agricultural Use","3102","Nutrient nitrogen N (total)","1993","1993","t","63000","X","Figure from international organizations","Data sourced from another international organization"
"RFN","Fertilizers by Nutrient","756","Switzerland","5159","Use per area of cropland","3102","Nutrient nitrogen N (total)","1993","1993","kg/ha","101.84","E","Estimated value",""
"RFN","Fertilizers by Nutrient","756","Switzerland","5172","Use per capita","3102","Nutrient nitrogen N (total)","1993","1993","kg/cap","9.08","E","Estimated value",""
"RFN","Fertilizers by Nutrient","756","Switzerland","5173","Use per value of agricultural production","3102","Nutrient nitrogen N (total)","1993","1993","g/Int$","15.85","E","Estimated value",""
"RFN","Fertilizers by Nutrient","756","Switzerland","5510","Production","3102","Nutrient nitrogen N (total)","1994","1994","t","14000","X","Figure from international organizations","Data sourced from another international organization"
"RFN","Fertilizers by Nutrient","756","Switzerland","5610","Import quantity","3102","Nutrient nitrogen N (total)","1994","1994","t","50000","X","Figure from international organizations","Data sourced from another international organization"
"RFN","Fertilizers by Nutrient","756","Switzerland","5910","Export quantity","3102","Nutrient nitrogen N (total)","1994","1994","t","1000","X","Figure from international organizations","Data sourced from another international organization"
"RFN","Fertilizers by Nutrient","756","Switzerland","5157","Agricultural Use","3102","Nutrient nitrogen N (total)","1994","1994","t","63000","X","Figure from international organizations","Data sourced from another international organization"
"RFN","Fertilizers by Nutrient","756","Switzerland","5159","Use per area of cropland","3102","Nutrient nitrogen N (total)","1994","1994","kg/ha","99.63","E","Estimated value",""
"RFN","Fertilizers by Nutrient","756","Switzerland","5172","Use per capita","3102","Nutrient nitrogen N (total)","1994","1994","kg/cap","9.01","E","Estimated value",""
"RFN","Fertilizers by Nutrient","756","Switzerland","5173","Use per value of agricultural production","3102","Nutrient nitrogen N (total)","1994","1994","g/Int$","16.54","E","Estimated value",""
"RFN","Fertilizers by Nutrient","756","Switzerland","5510","Production","3102","Nutrient nitrogen N (total)","1995","1995","t","22000","X","Figure from international organizations","Data sourced from another international organization"
"RFN","Fertilizers by Nutrient","756","Switzerland","5610","Import quantity","3102","Nutrient nitrogen N (total)","1995","1995","t","41507","A","Official figure","Official data from questionnaire"
"RFN","Fertilizers by Nutrient","756","Switzerland","5910","Export quantity","3102","Nutrient nitrogen N (total)","1995","1995","t","1000","X","Figure from international organizations","Data sourced from another international organization"
"RFN","Fertilizers by Nutrient","756","Switzerland","5157","Agricultural Use","3102","Nutrient nitrogen N (total)","1995","1995","t","65000","X","Figure from international organizations","Data sourced from another international organization"
"RFN","Fertilizers by Nutrient","756","Switzerland","5159","Use per area of cropland","3102","Nutrient nitrogen N (total)","1995","1995","kg/ha","102.09","E","Estimated value",""
"RFN","Fertilizers by Nutrient","756","Switzerland","5172","Use per capita","3102","Nutrient nitrogen N (total)","1995","1995","kg/cap","9.24","E","Estimated value",""
"RFN","Fertilizers by Nutrient","756","Switzerland","5173","Use per value of agricultural production","3102","Nutrient nitrogen N (total)","1995","1995","g/Int$","16.72","E","Estimated value",""
"RFN","Fertilizers by Nutrient","756","Switzerland","5510","Production","3102","Nutrient nitrogen N (total)","1996","1996","t","13000","X","Figure from international organizations","Data sourced from another international organization"
"RFN","Fertilizers by Nutrient","756","Switzerland","5610","Import quantity","3102","Nutrient nitrogen N (total)","1996","1996","t","51000","A","Official figure","Official data from questionnaire"
"RFN","Fertilizers by Nutrient","756","Switzerland","5910","Export quantity","3102","Nutrient nitrogen N (total)","1996","1996","t","905.27","I","Imputed value",""
"RFN","Fertilizers by Nutrient","756","Switzerland","5157","Agricultural Use","3102","Nutrient nitrogen N (total)","1996","1996","t","62000","X","Figure from international organizations","Data sourced from another international organization"
"RFN","Fertilizers by Nutrient","756","Switzerland","5159","Use per area of cropland","3102","Nutrient nitrogen N (total)","1996","1996","kg/ha","97.82","E","Estimated value",""
"RFN","Fertilizers by Nutrient","756","Switzerland","5172","Use per capita","3102","Nutrient nitrogen N (total)","1996","1996","kg/cap","8.77","E","Estimated value",""
"RFN","Fertilizers by Nutrient","756","Switzerland","5173","Use per value of agricultural production","3102","Nutrient nitrogen N (total)","1996","1996","g/Int$","15.46","E","Estimated value",""
"RFN","Fertilizers by Nutrient","756","Switzerland","5510","Production","3102","Nutrient nitrogen N (total)","1997","1997","t","19000","X","Figure from international organizations","Data sourced from another international organization"
"RFN","Fertilizers by Nutrient","756","Switzerland","5610","Import quantity","3102","Nutrient nitrogen N (total)","1997","1997","t","48000","X","Figure from international organizations","Data sourced from another international organization"
"RFN","Fertilizers by Nutrient","756","Switzerland","5910","Export quantity","3102","Nutrient nitrogen N (total)","1997","1997","t","585.51","I","Imputed value",""
"RFN","Fertilizers by Nutrient","756","Switzerland","5157","Agricultural Use","3102","Nutrient nitrogen N (total)","1997","1997","t","60000","X","Figure from international organizations","Data sourced from another international organization"
"RFN","Fertilizers by Nutrient","756","Switzerland","5159","Use per area of cropland","3102","Nutrient nitrogen N (total)","1997","1997","kg/ha","95.95","E","Estimated value",""
"RFN","Fertilizers by Nutrient","756","Switzerland","5172","Use per capita","3102","Nutrient nitrogen N (total)","1997","1997","kg/cap","8.47","E","Estimated value",""
"RFN","Fertilizers by Nutrient","756","Switzerland","5173","Use per value of agricultural production","3102","Nutrient nitrogen N (total)","1997","1997","g/Int$","15.84","E","Estimated value",""
"RFN","Fertilizers by Nutrient","756","Switzerland","5510","Production","3102","Nutrient nitrogen N (total)","1998","1998","t","18000","X","Figure from international organizations","Data sourced from another international organization"
"RFN","Fertilizers by Nutrient","756","Switzerland","5610","Import quantity","3102","Nutrient nitrogen N (total)","1998","1998","t","40000","X","Figure from international organizations","Data sourced from another international organization"
"RFN","Fertilizers by Nutrient","756","Switzerland","5910","Export quantity","3102","Nutrient nitrogen N (total)","1998","1998","t","685.14","I","Imputed value",""
"RFN","Fertilizers by Nutrient","756","Switzerland","5157","Agricultural Use","3102","Nutrient nitrogen N (total)","1998","1998","t","59000","X","Figure from international organizations","Data sourced from another international organization"
"RFN","Fertilizers by Nutrient","756","Switzerland","5159","Use per area of cropland","3102","Nutrient nitrogen N (total)","1998","1998","kg/ha","94.7","E","Estimated value",""
"RFN","Fertilizers by Nutrient","756","Switzerland","5172","Use per capita","3102","Nutrient nitrogen N (total)","1998","1998","kg/cap","8.3","E","Estimated value",""
"RFN","Fertilizers by Nutrient","756","Switzerland","5173","Use per value of agricultural production","3102","Nutrient nitrogen N (total)","1998","1998","g/Int$","14.82","E","Estimated value",""
"RFN","Fertilizers by Nutrient","756","Switzerland","5510","Production","3102","Nutrient nitrogen N (total)","1999","1999","t","18000","X","Figure from international organizations","Data sourced from another international organization"
"RFN","Fertilizers by Nutrient","756","Switzerland","5610","Import quantity","3102","Nutrient nitrogen N (total)","1999","1999","t","44000","X","Figure from international organizations","Data sourced from another international organization"
"RFN","Fertilizers by Nutrient","756","Switzerland","5910","Export quantity","3102","Nutrient nitrogen N (total)","1999","1999","t","2000","X","Figure from international organizations","Data sourced from another international organization"
"RFN","Fertilizers by Nutrient","756","Switzerland","5157","Agricultural Use","3102","Nutrient nitrogen N (total)","1999","1999","t","53000","X","Figure from international organizations","Data sourced from another international organization"
"RFN","Fertilizers by Nutrient","756","Switzerland","5159","Use per area of cropland","3102","Nutrient nitrogen N (total)","1999","1999","kg/ha","85.67","E","Estimated value",""
"RFN","Fertilizers by Nutrient","756","Switzerland","5172","Use per capita","3102","Nutrient nitrogen N (total)","1999","1999","kg/cap","7.42","E","Estimated value",""
"RFN","Fertilizers by Nutrient","756","Switzerland","5173","Use per value of agricultural production","3102","Nutrient nitrogen N (total)","1999","1999","g/Int$","14.12","E","Estimated value",""
"RFN","Fertilizers by Nutrient","756","Switzerland","5510","Production","3102","Nutrient nitrogen N (total)","2000","2000","t","15000","X","Figure from international organizations","Data sourced from another international organization"
"RFN","Fertilizers by Nutrient","756","Switzerland","5610","Import quantity","3102","Nutrient nitrogen N (total)","2000","2000","t","39776","X","Figure from international organizations","Data sourced from another international organization"
"RFN","Fertilizers by Nutrient","756","Switzerland","5910","Export quantity","3102","Nutrient nitrogen N (total)","2000","2000","t","6000","X","Figure from international organizations","Data sourced from another international organization"
"RFN","Fertilizers by Nutrient","756","Switzerland","5157","Agricultural Use","3102","Nutrient nitrogen N (total)","2000","2000","t","48371","X","Figure from international organizations","Data sourced from another international organization"
"RFN","Fertilizers by Nutrient","756","Switzerland","5159","Use per area of cropland","3102","Nutrient nitrogen N (total)","2000","2000","kg/ha","78.39","E","Estimated value",""
"RFN","Fertilizers by Nutrient","756","Switzerland","5172","Use per capita","3102","Nutrient nitrogen N (total)","2000","2000","kg/cap","6.73","E","Estimated value",""
"RFN","Fertilizers by Nutrient","756","Switzerland","5173","Use per value of agricultural production","3102","Nutrient nitrogen N (total)","2000","2000","g/Int$","12.62","E","Estimated value",""
"RFN","Fertilizers by Nutrient","756","Switzerland","5610","Import quantity","3102","Nutrient nitrogen N (total)","2001","2001","t","55359","A","Official figure","Official data from questionnaire"
"RFN","Fertilizers by Nutrient","756","Switzerland","5910","Export quantity","3102","Nutrient nitrogen N (total)","2001","2001","t","2892.76","I","Imputed value",""
"RFN","Fertilizers by Nutrient","756","Switzerland","5157","Agricultural Use","3102","Nutrient nitrogen N (total)","2001","2001","t","55359","A","Official figure","Official data from questionnaire"
"RFN","Fertilizers by Nutrient","756","Switzerland","5159","Use per area of cropland","3102","Nutrient nitrogen N (total)","2001","2001","kg/ha","89.56","E","Estimated value",""
"RFN","Fertilizers by Nutrient","756","Switzerland","5172","Use per capita","3102","Nutrient nitrogen N (total)","2001","2001","kg/cap","7.66","E","Estimated value",""
"RFN","Fertilizers by Nutrient","756","Switzerland","5173","Use per value of agricultural production","3102","Nutrient nitrogen N (total)","2001","2001","g/Int$","14.86","E","Estimated value",""
"RFN","Fertilizers by Nutrient","756","Switzerland","5610","Import quantity","3102","Nutrient nitrogen N (total)","2002","2002","t","49775.29","I","Imputed value",""
"RFN","Fertilizers by Nutrient","756","Switzerland","5910","Export quantity","3102","Nutrient nitrogen N (total)","2002","2002","t","4018.15","I","Imputed value",""
"RFN","Fertilizers by Nutrient","756","Switzerland","5157","Agricultural Use","3102","Nutrient nitrogen N (total)","2002","2002","t","40542","I","Imputed value",""
"RFN","Fertilizers by Nutrient","756","Switzerland","5159","Use per area of cropland","3102","Nutrient nitrogen N (total)","2002","2002","kg/ha","65.75","E","Estimated value",""
"RFN","Fertilizers by Nutrient","756","Switzerland","5172","Use per capita","3102","Nutrient nitrogen N (total)","2002","2002","kg/cap","5.57","E","Estimated value",""
"RFN","Fertilizers by Nutrient","756","Switzerland","5173","Use per value of agricultural production","3102","Nutrient nitrogen N (total)","2002","2002","g/Int$","10.64","E","Estimated value",""
"RFN","Fertilizers by Nutrient","756","Switzerland","5610","Import quantity","3102","Nutrient nitrogen N (total)","2003","2003","t","43092","I","Imputed value",""
"RFN","Fertilizers by Nutrient","756","Switzerland","5910","Export quantity","3102","Nutrient nitrogen N (total)","2003","2003","t","3572.26","I","Imputed value",""
"RFN","Fertilizers by Nutrient","756","Switzerland","5157","Agricultural Use","3102","Nutrient nitrogen N (total)","2003","2003","t","43182","I","Imputed value",""
"RFN","Fertilizers by Nutrient","756","Switzerland","5159","Use per area of cropland","3102","Nutrient nitrogen N (total)","2003","2003","kg/ha","70.38","E","Estimated value",""
"RFN","Fertilizers by Nutrient","756","Switzerland","5172","Use per capita","3102","Nutrient nitrogen N (total)","2003","2003","kg/cap","5.89","E","Estimated value",""
"RFN","Fertilizers by Nutrient","756","Switzerland","5173","Use per value of agricultural production","3102","Nutrient nitrogen N (total)","2003","2003","g/Int$","11.79","E","Estimated value",""
"RFN","Fertilizers by Nutrient","756","Switzerland","5610","Import quantity","3102","Nutrient nitrogen N (total)","2004","2004","t","50888.48","I","Imputed value",""
"RFN","Fertilizers by Nutrient","756","Switzerland","5910","Export quantity","3102","Nutrient nitrogen N (total)","2004","2004","t","1707.37","I","Imputed value",""
"RFN","Fertilizers by Nutrient","756","Switzerland","5157","Agricultural Use","3102","Nutrient nitrogen N (total)","2004","2004","t","45864","I","Imputed value",""
"RFN","Fertilizers by Nutrient","756","Switzerland","5159","Use per area of cropland","3102","Nutrient nitrogen N (total)","2004","2004","kg/ha","74.83","E","Estimated value",""
"RFN","Fertilizers by Nutrient","756","Switzerland","5172","Use per capita","3102","Nutrient nitrogen N (total)","2004","2004","kg/cap","6.21","E","Estimated value",""
"RFN","Fertilizers by Nutrient","756","Switzerland","5173","Use per value of agricultural production","3102","Nutrient nitrogen N (total)","2004","2004","g/Int$","11.99","E","Estimated value",""
"RFN","Fertilizers by Nutrient","756","Switzerland","5610","Import quantity","3102","Nutrient nitrogen N (total)","2005","2005","t","60108.69","I","Imputed value",""
"RFN","Fertilizers by Nutrient","756","Switzerland","5910","Export quantity","3102","Nutrient nitrogen N (total)","2005","2005","t","1390.6","I","Imputed value",""
"RFN","Fertilizers by Nutrient","756","Switzerland","5157","Agricultural Use","3102","Nutrient nitrogen N (total)","2005","2005","t","53275","I","Imputed value",""
"RFN","Fertilizers by Nutrient","756","Switzerland","5159","Use per area of cropland","3102","Nutrient nitrogen N (total)","2005","2005","kg/ha","86.97","E","Estimated value",""
"RFN","Fertilizers by Nutrient","756","Switzerland","5172","Use per capita","3102","Nutrient nitrogen N (total)","2005","2005","kg/cap","7.17","E","Estimated value",""
"RFN","Fertilizers by Nutrient","756","Switzerland","5173","Use per value of agricultural production","3102","Nutrient nitrogen N (total)","2005","2005","g/Int$","14.21","E","Estimated value",""
"RFN","Fertilizers by Nutrient","756","Switzerland","5610","Import quantity","3102","Nutrient nitrogen N (total)","2006","2006","t","51150.31","I","Imputed value",""
"RFN","Fertilizers by Nutrient","756","Switzerland","5910","Export quantity","3102","Nutrient nitrogen N (total)","2006","2006","t","1507.22","I","Imputed value",""
"RFN","Fertilizers by Nutrient","756","Switzerland","5157","Agricultural Use","3102","Nutrient nitrogen N (total)","2006","2006","t","53171","I","Imputed value",""
"RFN","Fertilizers by Nutrient","756","Switzerland","5159","Use per area of cropland","3102","Nutrient nitrogen N (total)","2006","2006","kg/ha","86.66","E","Estimated value",""
"RFN","Fertilizers by Nutrient","756","Switzerland","5172","Use per capita","3102","Nutrient nitrogen N (total)","2006","2006","kg/cap","7.11","E","Estimated value",""
"RFN","Fertilizers by Nutrient","756","Switzerland","5173","Use per value of agricultural production","3102","Nutrient nitrogen N (total)","2006","2006","g/Int$","14.23","E","Estimated value",""
"RFN","Fertilizers by Nutrient","756","Switzerland","5610","Import quantity","3102","Nutrient nitrogen N (total)","2007","2007","t","54989.33","I","Imputed value",""
"RFN","Fertilizers by Nutrient","756","Switzerland","5910","Export quantity","3102","Nutrient nitrogen N (total)","2007","2007","t","1061.82","I","Imputed value",""
"RFN","Fertilizers by Nutrient","756","Switzerland","5157","Agricultural Use","3102","Nutrient nitrogen N (total)","2007","2007","t","48587","I","Imputed value",""
"RFN","Fertilizers by Nutrient","756","Switzerland","5159","Use per area of cropland","3102","Nutrient nitrogen N (total)","2007","2007","kg/ha","79.22","E","Estimated value",""
"RFN","Fertilizers by Nutrient","756","Switzerland","5172","Use per capita","3102","Nutrient nitrogen N (total)","2007","2007","kg/cap","6.44","E","Estimated value",""
"RFN","Fertilizers by Nutrient","756","Switzerland","5173","Use per value of agricultural production","3102","Nutrient nitrogen N (total)","2007","2007","g/Int$","12.62","E","Estimated value",""
"RFN","Fertilizers by Nutrient","756","Switzerland","5610","Import quantity","3102","Nutrient nitrogen N (total)","2008","2008","t","53644.46","I","Imputed value",""
"RFN","Fertilizers by Nutrient","756","Switzerland","5910","Export quantity","3102","Nutrient nitrogen N (total)","2008","2008","t","581.59","I","Imputed value",""
"RFN","Fertilizers by Nutrient","756","Switzerland","5157","Agricultural Use","3102","Nutrient nitrogen N (total)","2008","2008","t","52896","I","Imputed value",""
"RFN","Fertilizers by Nutrient","756","Switzerland","5159","Use per area of cropland","3102","Nutrient nitrogen N (total)","2008","2008","kg/ha","86.31","E","Estimated value",""
"RFN","Fertilizers by Nutrient","756","Switzerland","5172","Use per capita","3102","Nutrient nitrogen N (total)","2008","2008","kg/cap","6.93","E","Estimated value",""
"RFN","Fertilizers by Nutrient","756","Switzerland","5173","Use per value of agricultural production","3102","Nutrient nitrogen N (total)","2008","2008","g/Int$","13.66","E","Estimated value",""
"RFN","Fertilizers by Nutrient","756","Switzerland","5610","Import quantity","3102","Nutrient nitrogen N (total)","2009","2009","t","45312.64","I","Imputed value",""
"RFN","Fertilizers by Nutrient","756","Switzerland","5910","Export quantity","3102","Nutrient nitrogen N (total)","2009","2009","t","994.23","I","Imputed value",""
"RFN","Fertilizers by Nutrient","756","Switzerland","5157","Agricultural Use","3102","Nutrient nitrogen N (total)","2009","2009","t","51055","I","Imputed value",""
"RFN","Fertilizers by Nutrient","756","Switzerland","5159","Use per area of cropland","3102","Nutrient nitrogen N (total)","2009","2009","kg/ha","83.27","E","Estimated value",""
"RFN","Fertilizers by Nutrient","756","Switzerland","5172","Use per capita","3102","Nutrient nitrogen N (total)","2009","2009","kg/cap","6.6","E","Estimated value",""
"RFN","Fertilizers by Nutrient","756","Switzerland","5173","Use per value of agricultural production","3102","Nutrient nitrogen N (total)","2009","2009","g/Int$","12.83","E","Estimated value",""
"RFN","Fertilizers by Nutrient","756","Switzerland","5610","Import quantity","3102","Nutrient nitrogen N (total)","2010","2010","t","57103.83","I","Imputed value",""
"RFN","Fertilizers by Nutrient","756","Switzerland","5910","Export quantity","3102","Nutrient nitrogen N (total)","2010","2010","t","1257.26","I","Imputed value",""
"RFN","Fertilizers by Nutrient","756","Switzerland","5157","Agricultural Use","3102","Nutrient nitrogen N (total)","2010","2010","t","50829","I","Imputed value",""
"RFN","Fertilizers by Nutrient","756","Switzerland","5159","Use per area of cropland","3102","Nutrient nitrogen N (total)","2010","2010","kg/ha","83.18","E","Estimated value",""
"RFN","Fertilizers by Nutrient","756","Switzerland","5172","Use per capita","3102","Nutrient nitrogen N (total)","2010","2010","kg/cap","6.5","E","Estimated value",""
"RFN","Fertilizers by Nutrient","756","Switzerland","5173","Use per value of agricultural production","3102","Nutrient nitrogen N (total)","2010","2010","g/Int$","13.04","E","Estimated value",""
"RFN","Fertilizers by Nutrient","756","Switzerland","5610","Import quantity","3102","Nutrient nitrogen N (total)","2011","2011","t","54105.62","I","Imputed value",""
"RFN","Fertilizers by Nutrient","756","Switzerland","5910","Export quantity","3102","Nutrient nitrogen N (total)","2011","2011","t","1488.39","I","Imputed value",""
"RFN","Fertilizers by Nutrient","756","Switzerland","5157","Agricultural Use","3102","Nutrient nitrogen N (total)","2011","2011","t","46548","I","Imputed value",""
"RFN","Fertilizers by Nutrient","756","Switzerland","5159","Use per area of cropland","3102","Nutrient nitrogen N (total)","2011","2011","kg/ha","76.28","E","Estimated value",""
"RFN","Fertilizers by Nutrient","756","Switzerland","5172","Use per capita","3102","Nutrient nitrogen N (total)","2011","2011","kg/cap","5.88","E","Estimated value",""
"RFN","Fertilizers by Nutrient","756","Switzerland","5173","Use per value of agricultural production","3102","Nutrient nitrogen N (total)","2011","2011","g/Int$","11.31","E","Estimated value",""
"RFN","Fertilizers by Nutrient","756","Switzerland","5610","Import quantity","3102","Nutrient nitrogen N (total)","2012","2012","t","57317.13","I","Imputed value",""
"RFN","Fertilizers by Nutrient","756","Switzerland","5910","Export quantity","3102","Nutrient nitrogen N (total)","2012","2012","t","744.41","I","Imputed value",""
"RFN","Fertilizers by Nutrient","756","Switzerland","5157","Agricultural Use","3102","Nutrient nitrogen N (total)","2012","2012","t","39349","E","Estimated value",""
"RFN","Fertilizers by Nutrient","756","Switzerland","5159","Use per area of cropland","3102","Nutrient nitrogen N (total)","2012","2012","kg/ha","64.45","E","Estimated value",""
"RFN","Fertilizers by Nutrient","756","Switzerland","5172","Use per capita","3102","Nutrient nitrogen N (total)","2012","2012","kg/cap","4.92","E","Estimated value",""
"RFN","Fertilizers by Nutrient","756","Switzerland","5173","Use per value of agricultural production","3102","Nutrient nitrogen N (total)","2012","2012","g/Int$","9.95","E","Estimated value",""
"RFN","Fertilizers by Nutrient","756","Switzerland","5510","Production","3102","Nutrient nitrogen N (total)","2013","2013","t","0","E","Estimated value",""
"RFN","Fertilizers by Nutrient","756","Switzerland","5610","Import quantity","3102","Nutrient nitrogen N (total)","2013","2013","t","56450.86","I","Imputed value",""
"RFN","Fertilizers by Nutrient","756","Switzerland","5910","Export quantity","3102","Nutrient nitrogen N (total)","2013","2013","t","809.36","I","Imputed value",""
"RFN","Fertilizers by Nutrient","756","Switzerland","5157","Agricultural Use","3102","Nutrient nitrogen N (total)","2013","2013","t","48830","E","Estimated value",""
"RFN","Fertilizers by Nutrient","756","Switzerland","5159","Use per area of cropland","3102","Nutrient nitrogen N (total)","2013","2013","kg/ha","79.96","E","Estimated value",""
"RFN","Fertilizers by Nutrient","756","Switzerland","5172","Use per capita","3102","Nutrient nitrogen N (total)","2013","2013","kg/cap","6.04","E","Estimated value",""
"RFN","Fertilizers by Nutrient","756","Switzerland","5173","Use per value of agricultural production","3102","Nutrient nitrogen N (total)","2013","2013","g/Int$","12.74","E","Estimated value",""
"RFN","Fertilizers by Nutrient","756","Switzerland","5510","Production","3102","Nutrient nitrogen N (total)","2014","2014","t","0","E","Estimated value",""
"RFN","Fertilizers by Nutrient","756","Switzerland","5610","Import quantity","3102","Nutrient nitrogen N (total)","2014","2014","t","61802.93","I","Imputed value",""
"RFN","Fertilizers by Nutrient","756","Switzerland","5910","Export quantity","3102","Nutrient nitrogen N (total)","2014","2014","t","673.89","I","Imputed value",""
"RFN","Fertilizers by Nutrient","756","Switzerland","5157","Agricultural Use","3102","Nutrient nitrogen N (total)","2014","2014","t","49155","E","Estimated value",""
"RFN","Fertilizers by Nutrient","756","Switzerland","5159","Use per area of cropland","3102","Nutrient nitrogen N (total)","2014","2014","kg/ha","80.97","E","Estimated value",""
"RFN","Fertilizers by Nutrient","756","Switzerland","5172","Use per capita","3102","Nutrient nitrogen N (total)","2014","2014","kg/cap","6","E","Estimated value",""
"RFN","Fertilizers by Nutrient","756","Switzerland","5173","Use per value of agricultural production","3102","Nutrient nitrogen N (total)","2014","2014","g/Int$","12.17","E","Estimated value",""
"RFN","Fertilizers by Nutrient","756","Switzerland","5510","Production","3102","Nutrient nitrogen N (total)","2015","2015","t","0","E","Estimated value",""
"RFN","Fertilizers by Nutrient","756","Switzerland","5610","Import quantity","3102","Nutrient nitrogen N (total)","2015","2015","t","63478.21","I","Imputed value",""
"RFN","Fertilizers by Nutrient","756","Switzerland","5910","Export quantity","3102","Nutrient nitrogen N (total)","2015","2015","t","1525","I","Imputed value",""
"RFN","Fertilizers by Nutrient","756","Switzerland","5157","Agricultural Use","3102","Nutrient nitrogen N (total)","2015","2015","t","49731","E","Estimated value",""
"RFN","Fertilizers by Nutrient","756","Switzerland","5159","Use per area of cropland","3102","Nutrient nitrogen N (total)","2015","2015","kg/ha","82.26","E","Estimated value",""
"RFN","Fertilizers by Nutrient","756","Switzerland","5172","Use per capita","3102","Nutrient nitrogen N (total)","2015","2015","kg/cap","6","E","Estimated value",""
"RFN","Fertilizers by Nutrient","756","Switzerland","5173","Use per value of agricultural production","3102","Nutrient nitrogen N (total)","2015","2015","g/Int$","12.71","E","Estimated value",""
"RFN","Fertilizers by Nutrient","756","Switzerland","5510","Production","3102","Nutrient nitrogen N (total)","2016","2016","t","0","E","Estimated value",""
"RFN","Fertilizers by Nutrient","756","Switzerland","5610","Import quantity","3102","Nutrient nitrogen N (total)","2016","2016","t","67153.08","I","Imputed value",""
"RFN","Fertilizers by Nutrient","756","Switzerland","5910","Export quantity","3102","Nutrient nitrogen N (total)","2016","2016","t","2283.13","I","Imputed value",""
"RFN","Fertilizers by Nutrient","756","Switzerland","5157","Agricultural Use","3102","Nutrient nitrogen N (total)","2016","2016","t","52561","E","Estimated value",""
"RFN","Fertilizers by Nutrient","756","Switzerland","5159","Use per area of cropland","3102","Nutrient nitrogen N (total)","2016","2016","kg/ha","86.83","E","Estimated value",""
"RFN","Fertilizers by Nutrient","756","Switzerland","5172","Use per capita","3102","Nutrient nitrogen N (total)","2016","2016","kg/cap","6.28","E","Estimated value",""
"RFN","Fertilizers by Nutrient","756","Switzerland","5173","Use per value of agricultural production","3102","Nutrient nitrogen N (total)","2016","2016","g/Int$","13.63","E","Estimated value",""
"RFN","Fertilizers by Nutrient","756","Switzerland","5510","Production","3102","Nutrient nitrogen N (total)","2017","2017","t","0","E","Estimated value",""
"RFN","Fertilizers by Nutrient","756","Switzerland","5610","Import quantity","3102","Nutrient nitrogen N (total)","2017","2017","t","69531.65","I","Imputed value",""
"RFN","Fertilizers by Nutrient","756","Switzerland","5910","Export quantity","3102","Nutrient nitrogen N (total)","2017","2017","t","1237.06","I","Imputed value",""
"RFN","Fertilizers by Nutrient","756","Switzerland","5157","Agricultural Use","3102","Nutrient nitrogen N (total)","2017","2017","t","48560","E","Estimated value",""
"RFN","Fertilizers by Nutrient","756","Switzerland","5159","Use per area of cropland","3102","Nutrient nitrogen N (total)","2017","2017","kg/ha","80.34","E","Estimated value",""
"RFN","Fertilizers by Nutrient","756","Switzerland","5172","Use per capita","3102","Nutrient nitrogen N (total)","2017","2017","kg/cap","5.75","E","Estimated value",""
"RFN","Fertilizers by Nutrient","756","Switzerland","5173","Use per value of agricultural production","3102","Nutrient nitrogen N (total)","2017","2017","g/Int$","12.62","E","Estimated value",""
"RFN","Fertilizers by Nutrient","756","Switzerland","5510","Production","3102","Nutrient nitrogen N (total)","2018","2018","t","0","E","Estimated value",""
"RFN","Fertilizers by Nutrient","756","Switzerland","5610","Import quantity","3102","Nutrient nitrogen N (total)","2018","2018","t","68690.68","I","Imputed value",""
"RFN","Fertilizers by Nutrient","756","Switzerland","5910","Export quantity","3102","Nutrient nitrogen N (total)","2018","2018","t","1186.55","I","Imputed value",""
"RFN","Fertilizers by Nutrient","756","Switzerland","5157","Agricultural Use","3102","Nutrient nitrogen N (total)","2018","2018","t","44550","E","Estimated value",""
"RFN","Fertilizers by Nutrient","756","Switzerland","5159","Use per area of cropland","3102","Nutrient nitrogen N (total)","2018","2018","kg/ha","73.66","E","Estimated value",""
"RFN","Fertilizers by Nutrient","756","Switzerland","5172","Use per capita","3102","Nutrient nitrogen N (total)","2018","2018","kg/cap","5.23","E","Estimated value",""
"RFN","Fertilizers by Nutrient","756","Switzerland","5173","Use per value of agricultural production","3102","Nutrient nitrogen N (total)","2018","2018","g/Int$","11.13","E","Estimated value",""
"RFN","Fertilizers by Nutrient","756","Switzerland","5510","Production","3102","Nutrient nitrogen N (total)","2019","2019","t","0","E","Estimated value",""
"RFN","Fertilizers by Nutrient","756","Switzerland","5610","Import quantity","3102","Nutrient nitrogen N (total)","2019","2019","t","81336.78","I","Imputed value",""
"RFN","Fertilizers by Nutrient","756","Switzerland","5910","Export quantity","3102","Nutrient nitrogen N (total)","2019","2019","t","1637.59","I","Imputed value",""
"RFN","Fertilizers by Nutrient","756","Switzerland","5157","Agricultural Use","3102","Nutrient nitrogen N (total)","2019","2019","t","38148","A","Official figure","Official data from questionnaire"
"RFN","Fertilizers by Nutrient","756","Switzerland","5159","Use per area of cropland","3102","Nutrient nitrogen N (total)","2019","2019","kg/ha","63.01","E","Estimated value",""
"RFN","Fertilizers by Nutrient","756","Switzerland","5172","Use per capita","3102","Nutrient nitrogen N (total)","2019","2019","kg/cap","4.45","E","Estimated value",""
"RFN","Fertilizers by Nutrient","756","Switzerland","5173","Use per value of agricultural production","3102","Nutrient nitrogen N (total)","2019","2019","g/Int$","9.96","E","Estimated value",""
"RFN","Fertilizers by Nutrient","756","Switzerland","5510","Production","3102","Nutrient nitrogen N (total)","2020","2020","t","0","E","Estimated value",""
"RFN","Fertilizers by Nutrient","756","Switzerland","5610","Import quantity","3102","Nutrient nitrogen N (total)","2020","2020","t","79759.96","I","Imputed value",""
"RFN","Fertilizers by Nutrient","756","Switzerland","5910","Export quantity","3102","Nutrient nitrogen N (total)","2020","2020","t","735.26","I","Imputed value",""
"RFN","Fertilizers by Nutrient","756","Switzerland","5157","Agricultural Use","3102","Nutrient nitrogen N (total)","2020","2020","t","43129","A","Official figure","Official data from questionnaire"
"RFN","Fertilizers by Nutrient","756","Switzerland","5159","Use per area of cropland","3102","Nutrient nitrogen N (total)","2020","2020","kg/ha","71.03","E","Estimated value",""
"RFN","Fertilizers by Nutrient","756","Switzerland","5172","Use per capita","3102","Nutrient nitrogen N (total)","2020","2020","kg/cap","4.99","E","Estimated value",""
"RFN","Fertilizers by Nutrient","756","Switzerland","5173","Use per value of agricultural production","3102","Nutrient nitrogen N (total)","2020","2020","g/Int$","11.05","E","Estimated value",""
"RFN","Fertilizers by Nutrient","756","Switzerland","5510","Production","3102","Nutrient nitrogen N (total)","2021","2021","t","0","E","Estimated value",""
"RFN","Fertilizers by Nutrient","756","Switzerland","5610","Import quantity","3102","Nutrient nitrogen N (total)","2021","2021","t","84263.29","I","Imputed value",""
"RFN","Fertilizers by Nutrient","756","Switzerland","5910","Export quantity","3102","Nutrient nitrogen N (total)","2021","2021","t","469.58","I","Imputed value",""
"RFN","Fertilizers by Nutrient","756","Switzerland","5157","Agricultural Use","3102","Nutrient nitrogen N (total)","2021","2021","t","43559","A","Official figure","Official data from questionnaire"
"RFN","Fertilizers by Nutrient","756","Switzerland","5159","Use per area of cropland","3102","Nutrient nitrogen N (total)","2021","2021","kg/ha","72.48","E","Estimated value",""
"RFN","Fertilizers by Nutrient","756","Switzerland","5172","Use per capita","3102","Nutrient nitrogen N (total)","2021","2021","kg/cap","5.01","E","Estimated value",""
"RFN","Fertilizers by Nutrient","756","Switzerland","5173","Use per value of agricultural production","3102","Nutrient nitrogen N (total)","2021","2021","g/Int$","11.72","E","Estimated value",""
"RFN","Fertilizers by Nutrient","756","Switzerland","5510","Production","3102","Nutrient nitrogen N (total)","2022","2022","t","0","E","Estimated value",""
"RFN","Fertilizers by Nutrient","756","Switzerland","5610","Import quantity","3102","Nutrient nitrogen N (total)","2022","2022","t","75162.85","I","Imputed value",""
"RFN","Fertilizers by Nutrient","756","Switzerland","5910","Export quantity","3102","Nutrient nitrogen N (total)","2022","2022","t","525.43","I","Imputed value",""
